[
  {
    "value": "聖徳太子",
    "synonyms": [
      "聖徳太子"
    ]
  },
  {
    "value": "蘇我蝦夷",
    "synonyms": [
      "蘇我蝦夷"
    ]
  },
  {
    "value": "空海",
    "synonyms": [
      "空海"
    ]
  },
  {
    "value": "聖武天皇",
    "synonyms": [
      "聖武天皇"
    ]
  },
  {
    "value": "菅原道真",
    "synonyms": [
      "菅原道真"
    ]
  },
  {
    "value": "藤原道長",
    "synonyms": [
      "藤原道長"
    ]
  },
  {
    "value": "白河上皇",
    "synonyms": [
      "白河上皇"
    ]
  },
  {
    "value": "平清盛",
    "synonyms": [
      "平清盛"
    ]
  },
  {
    "value": "源頼朝",
    "synonyms": [
      "源頼朝"
    ]
  },
  {
    "value": "北条政子",
    "synonyms": [
      "北条政子"
    ]
  },
  {
    "value": "フビライハン",
    "synonyms": [
      "フビライハン"
    ]
  },
  {
    "value": "親鸞",
    "synonyms": [
      "親鸞"
    ]
  },
  {
    "value": "足利尊氏",
    "synonyms": [
      "足利尊氏"
    ]
  },
  {
    "value": "雪舟",
    "synonyms": [
      "雪舟"
    ]
  },
  {
    "value": "観阿弥・世阿弥",
    "synonyms": [
      "観阿弥・世阿弥"
    ]
  },
  {
    "value": "足利義満",
    "synonyms": [
      "足利義満"
    ]
  },
  {
    "value": "豊臣秀吉",
    "synonyms": [
      "豊臣秀吉"
    ]
  },
  {
    "value": "明智光秀",
    "synonyms": [
      "明智光秀"
    ]
  },
  {
    "value": "千利休",
    "synonyms": [
      "千利休"
    ]
  },
  {
    "value": "織田信長",
    "synonyms": [
      "織田信長"
    ]
  },
  {
    "value": "天草四郎",
    "synonyms": [
      "天草四郎"
    ]
  },
  {
    "value": "井伊直弼",
    "synonyms": [
      "井伊直弼"
    ]
  },
  {
    "value": "伊能忠敬",
    "synonyms": [
      "伊能忠敬"
    ]
  },
  {
    "value": "大塩平八郎",
    "synonyms": [
      "大塩平八郎"
    ]
  },
  {
    "value": "板垣退助",
    "synonyms": [
      "板垣退助"
    ]
  },
  {
    "value": "西郷隆盛",
    "synonyms": [
      "西郷隆盛"
    ]
  },
  {
    "value": "小村寿太郎",
    "synonyms": [
      "小村寿太郎"
    ]
  },
  {
    "value": "陸奥宗光",
    "synonyms": [
      "陸奥宗光"
    ]
  },
  {
    "value": "本居宣長",
    "synonyms": [
      "本居宣長"
    ]
  },
  {
    "value": "古事記伝",
    "synonyms": [
      "古事記伝"
    ]
  },
  {
    "value": "たけくらべ",
    "synonyms": [
      "たけくらべ"
    ]
  },
  {
    "value": "源氏物語",
    "synonyms": [
      "源氏物語"
    ]
  },
  {
    "value": "源頼朝",
    "synonyms": [
      "源頼朝"
    ]
  },
  {
    "value": "五千円札",
    "synonyms": [
      "五千円札"
    ]
  },
  {
    "value": "市川房枝",
    "synonyms": [
      "市川房枝"
    ]
  },
  {
    "value": "紫式部",
    "synonyms": [
      "紫式部"
    ]
  },
  {
    "value": "邪馬台国",
    "synonyms": [
      "邪馬台国"
    ]
  },
  {
    "value": "承久の乱",
    "synonyms": [
      "承久の乱"
    ]
  },
  {
    "value": "清少納言",
    "synonyms": [
      "清少納言"
    ]
  },
  {
    "value": "津田梅子",
    "synonyms": [
      "津田梅子"
    ]
  },
  {
    "value": "尼将軍",
    "synonyms": [
      "尼将軍"
    ]
  },
  {
    "value": "日露",
    "synonyms": [
      "日露"
    ]
  },
  {
    "value": "卑弥呼",
    "synonyms": [
      "卑弥呼"
    ]
  },
  {
    "value": "樋口一葉",
    "synonyms": [
      "樋口一葉"
    ]
  },
  {
    "value": "平塚らいてう",
    "synonyms": [
      "平塚らいてう"
    ]
  },
  {
    "value": "北条政子",
    "synonyms": [
      "北条政子"
    ]
  },
  {
    "value": "枕草子",
    "synonyms": [
      "枕草子"
    ]
  },
  {
    "value": "与謝野晶子",
    "synonyms": [
      "与謝野晶子"
    ]
  }
]