[
  {
    "id": "1fa5f04f-9dbc-44bb-b6ec-13d0c1e1d4c9",
    "data": [
      {
        "text": "終了",
        "userDefined": false
      }
    ],
    "isTemplate": false,
    "count": 0,
    "updated": 1534172525
  },
  {
    "id": "66619ccc-7b30-496a-b41a-d3710ed56b4d",
    "data": [
      {
        "text": "ストップ",
        "userDefined": false
      }
    ],
    "isTemplate": false,
    "count": 0,
    "updated": 1534172525
  },
  {
    "id": "fbbd144c-d53c-4609-978b-ff955f7c0250",
    "data": [
      {
        "text": "おしまい",
        "userDefined": false
      }
    ],
    "isTemplate": false,
    "count": 0,
    "updated": 1534172525
  },
  {
    "id": "28934afc-5675-4c82-83a3-98f4e427c673",
    "data": [
      {
        "text": "終わり",
        "userDefined": false
      }
    ],
    "isTemplate": false,
    "count": 0,
    "updated": 1534172525
  }
]