[
  {
    "id": "f4dd325c-30f3-4879-9918-22f88859d580",
    "data": [
      {
        "text": "いいえ",
        "userDefined": false
      }
    ],
    "isTemplate": false,
    "count": 0,
    "updated": 1497437556
  },
  {
    "id": "52835d70-26e6-4eb1-8499-083a459e39c0",
    "data": [
      {
        "text": "興味ない",
        "userDefined": false
      }
    ],
    "isTemplate": false,
    "count": 0,
    "updated": 1497437556
  },
  {
    "id": "e0c9c41a-7557-4bad-9b88-8cfb76a908e9",
    "data": [
      {
        "text": "同意しない",
        "userDefined": false
      }
    ],
    "isTemplate": false,
    "count": 0,
    "updated": 1497437556
  },
  {
    "id": "b3b11f71-8873-441b-b07b-9d69d3e392ea",
    "data": [
      {
        "text": "やめとく",
        "userDefined": false
      }
    ],
    "isTemplate": false,
    "count": 0,
    "updated": 1497437556
  },
  {
    "id": "f2fc1f0e-853d-4311-b148-c3bbab581766",
    "data": [
      {
        "text": "いらない",
        "userDefined": false
      }
    ],
    "isTemplate": false,
    "count": 0,
    "updated": 1497437556
  },
  {
    "id": "d7df2d8d-1195-40d9-8785-2e9820d1dd7e",
    "data": [
      {
        "text": "しないで",
        "userDefined": false
      }
    ],
    "isTemplate": false,
    "count": 1,
    "updated": 1497461737
  },
  {
    "id": "0a243ea6-7ec5-4d3d-8207-26f0d7cbfabb",
    "data": [
      {
        "text": "結構です",
        "userDefined": false
      }
    ],
    "isTemplate": false,
    "count": 0
  },
  {
    "id": "ca69700e-49db-4566-875e-f08c874a4e15",
    "data": [
      {
        "text": "やりたくない",
        "userDefined": false
      }
    ],
    "isTemplate": false,
    "count": 0,
    "updated": 1497437556
  },
  {
    "id": "3558b556-9639-4ca1-8335-b70f7872630f",
    "data": [
      {
        "text": "やらない",
        "userDefined": false
      }
    ],
    "isTemplate": false,
    "count": 1,
    "updated": 1497437556
  },
  {
    "id": "d4bb10ca-fad7-4c19-93ac-4eb4a8701045",
    "data": [
      {
        "text": "やだ",
        "userDefined": false
      }
    ],
    "isTemplate": false,
    "count": 1,
    "updated": 1497437556
  }
]