[
  {
    "id": "4dba54fe-b58a-41fb-aa71-33f1b54829ba",
    "data": [
      {
        "text": "そうする",
        "userDefined": false
      }
    ],
    "isTemplate": false,
    "count": 0,
    "updated": 1497437558
  },
  {
    "id": "5a538fad-505c-4027-b66a-fd31ac2c17fd",
    "data": [
      {
        "text": "もちろん",
        "userDefined": false
      }
    ],
    "isTemplate": false,
    "count": 1,
    "updated": 1497437558
  },
  {
    "id": "e3d197ab-92e9-4d8f-84c1-2053f9770e02",
    "data": [
      {
        "text": "賛成です",
        "userDefined": false
      }
    ],
    "isTemplate": false,
    "count": 0,
    "updated": 1497463322
  },
  {
    "id": "f4a20df7-b47f-4a23-a8a7-b8779347d296",
    "data": [
      {
        "text": "はい",
        "userDefined": false
      }
    ],
    "isTemplate": false,
    "count": 2,
    "updated": 1497437558
  },
  {
    "id": "2734bfb8-2e46-48b7-9c28-c18c6add66a5",
    "data": [
      {
        "text": "やって",
        "userDefined": false
      }
    ],
    "isTemplate": false,
    "count": 2,
    "updated": 1497437558
  },
  {
    "id": "4ac00f35-9521-466d-bb6a-ff1f743cea0c",
    "data": [
      {
        "text": "そのとおり",
        "userDefined": false
      }
    ],
    "isTemplate": false,
    "count": 1,
    "updated": 1497437558
  },
  {
    "id": "585d9e00-302c-48e4-8ff8-045963e763cd",
    "data": [
      {
        "text": "同意します",
        "userDefined": false
      }
    ],
    "isTemplate": false,
    "count": 3,
    "updated": 1497463322
  },
  {
    "id": "65a0da36-945d-41cf-a9a2-c8870d69f23b",
    "data": [
      {
        "text": "いいよ",
        "userDefined": false
      }
    ],
    "isTemplate": false,
    "count": 1,
    "updated": 1497437558
  },
  {
    "id": "c45cc3cd-d23f-4179-b8df-fbd28a391990",
    "data": [
      {
        "text": "そうだね",
        "userDefined": false
      }
    ],
    "isTemplate": false,
    "count": 1,
    "updated": 1497437558
  },
  {
    "id": "73523b70-24e6-4f09-ae89-c6854aac8777",
    "data": [
      {
        "text": "そうしよう",
        "userDefined": false
      }
    ],
    "isTemplate": false,
    "count": 1,
    "updated": 1497437558
  }
]