[
  {
    "id": "75b5ea52-b7ca-44eb-a02d-3df8adf737f2",
    "data": [
      {
        "text": "問題を出して",
        "userDefined": false
      }
    ],
    "isTemplate": false,
    "count": 0,
    "updated": 1533992083
  },
  {
    "id": "d1a32a52-e543-45c7-ae87-9c330db2ec73",
    "data": [
      {
        "text": "問題",
        "userDefined": false
      }
    ],
    "isTemplate": false,
    "count": 0,
    "updated": 1533992083
  },
  {
    "id": "b3524ad0-f4db-4423-b4b6-53b922207277",
    "data": [
      {
        "text": "クイズを出して",
        "userDefined": false
      }
    ],
    "isTemplate": false,
    "count": 0,
    "updated": 1533992083
  },
  {
    "id": "a77d9833-fdaa-4fc7-bdb2-df0a7d5abb39",
    "data": [
      {
        "text": "クイズを始める",
        "userDefined": false
      }
    ],
    "isTemplate": false,
    "count": 0,
    "updated": 1533992083
  },
  {
    "id": "cb5d2036-cd29-4879-a0db-6d179454d8e6",
    "data": [
      {
        "text": "クイズ",
        "userDefined": false
      }
    ],
    "isTemplate": false,
    "count": 0,
    "updated": 1533992083
  }
]