[
  {
    "id": "bec17d2b-9480-47dc-bd38-c83d3643295e",
    "data": [
      {
        "text": "正解は",
        "userDefined": false
      },
      {
        "text": "りんご",
        "alias": "ItemName",
        "meta": "@ItemName",
        "userDefined": false
      }
    ],
    "isTemplate": false,
    "count": 0,
    "updated": 1534171748
  },
  {
    "id": "ddf429e3-55a2-45d9-a73d-51ce6ca5d3e9",
    "data": [
      {
        "text": "答えは",
        "userDefined": false
      },
      {
        "text": "りんご",
        "alias": "ItemName",
        "meta": "@ItemName",
        "userDefined": false
      }
    ],
    "isTemplate": false,
    "count": 0,
    "updated": 1534171748
  },
  {
    "id": "20471365-2200-4efe-bbfd-850fc0c7aebf",
    "data": [
      {
        "text": "りんご",
        "alias": "ItemName",
        "meta": "@ItemName",
        "userDefined": false
      },
      {
        "text": "です",
        "userDefined": false
      }
    ],
    "isTemplate": false,
    "count": 0,
    "updated": 1534171748
  },
  {
    "id": "4669f7aa-c3d6-423e-aeb0-02e8c9b6ea3e",
    "data": [
      {
        "text": "りんご",
        "alias": "ItemName",
        "meta": "@ItemName",
        "userDefined": false
      }
    ],
    "isTemplate": false,
    "count": 0,
    "updated": 1534171748
  }
]