[
  {
    "id": "98172f54-3ab0-4a76-b558-08fe2935c41b",
    "data": [
      {
        "text": "今のもう一回",
        "userDefined": false
      }
    ],
    "isTemplate": false,
    "count": 0,
    "updated": 1497437553
  },
  {
    "id": "57100d46-bbf2-4958-aca8-ca0f612eec75",
    "data": [
      {
        "text": "もう一度言って",
        "userDefined": false
      }
    ],
    "isTemplate": false,
    "count": 1,
    "updated": 1497437553
  },
  {
    "id": "01ca3797-f446-43e2-87a8-2cbbb4ee42b6",
    "data": [
      {
        "text": "もう一度",
        "userDefined": false
      }
    ],
    "isTemplate": false,
    "count": 1,
    "updated": 1497437553
  },
  {
    "id": "77c0572d-22ff-4fa8-a19a-21cda0baf686",
    "data": [
      {
        "text": "それをもう",
        "userDefined": false
      },
      {
        "text": "一",
        "meta": "@sys.ignore",
        "userDefined": false
      },
      {
        "text": "度言って下さい",
        "userDefined": false
      }
    ],
    "isTemplate": false,
    "count": 1,
    "updated": 1497462583
  },
  {
    "id": "671e6465-e677-467b-a605-ac7bbbac50f7",
    "data": [
      {
        "text": "もう一回言って",
        "userDefined": false
      }
    ],
    "isTemplate": false,
    "count": 1,
    "updated": 1497437553
  },
  {
    "id": "b8d306ec-587a-402e-9d83-3a94fc0ac6c0",
    "data": [
      {
        "text": "もう",
        "userDefined": false
      },
      {
        "text": "一",
        "meta": "@sys.ignore",
        "userDefined": false
      },
      {
        "text": "度お願いします",
        "userDefined": false
      }
    ],
    "isTemplate": false,
    "count": 0,
    "updated": 1497462583
  },
  {
    "id": "0fbdec1a-0cb0-4e55-a094-ac7c89d232f2",
    "data": [
      {
        "text": "なんて",
        "userDefined": false
      }
    ],
    "isTemplate": false,
    "count": 1,
    "updated": 1497462083
  },
  {
    "id": "7aea8113-6a18-433f-83d0-3ddc1d3d13df",
    "data": [
      {
        "text": "もう一回",
        "userDefined": false
      }
    ],
    "isTemplate": false,
    "count": 2,
    "updated": 1497437553
  },
  {
    "id": "2d9ed5de-a2b7-4176-a098-4271088481e4",
    "data": [
      {
        "text": "なんて言ったの",
        "userDefined": false
      }
    ],
    "isTemplate": false,
    "count": 0,
    "updated": 1497462083
  },
  {
    "id": "231b6473-0f10-4422-8959-015e67742e1f",
    "data": [
      {
        "text": "何",
        "userDefined": false
      }
    ],
    "isTemplate": false,
    "count": 1,
    "updated": 1497462083
  }
]